"layer_from","node_from","layer_to","node_to","weight"
1,3,1,72,0.027027027027027
1,3,1,82,0.0135135135135135
1,3,1,104,0.0540540540540541
1,3,1,170,0.148648648648649
1,3,1,194,0.0540540540540541
1,3,1,242,0.027027027027027
1,8,1,51,0.0087719298245614
1,8,1,113,0.0087719298245614
1,8,1,170,0.0087719298245614
1,8,1,189,0.0087719298245614
1,8,1,216,0.0526315789473684
1,8,1,244,0.263157894736842
1,8,1,258,0.210526315789474
1,9,1,49,0.00476190476190476
1,9,1,65,0.00476190476190476
1,9,1,113,0.00476190476190476
1,9,1,119,0.00476190476190476
1,9,1,160,0.00476190476190476
1,9,1,170,0.0857142857142857
1,9,1,171,0.0714285714285714
1,9,1,187,0.00952380952380952
1,9,1,189,0.00952380952380952
1,9,1,216,0.00476190476190476
1,9,1,230,0.00476190476190476
1,9,1,232,0.019047619047619
1,9,1,242,0.138095238095238
1,9,1,258,0.0714285714285714
1,9,1,273,0.119047619047619
1,9,1,286,0.00476190476190476
1,14,1,258,1
1,15,1,216,0.166666666666667
1,17,1,54,0.0483870967741935
1,17,1,113,0.112903225806452
1,17,1,198,0.0161290322580645
1,17,1,225,0.0161290322580645
1,17,1,271,0.0483870967741935
1,17,1,284,0.0645161290322581
1,17,1,287,0.0645161290322581
1,24,1,99,0.0714285714285714
1,24,1,100,0.0714285714285714
1,24,1,170,0.0714285714285714
1,24,1,261,0.357142857142857
1,24,1,262,0.428571428571429
1,26,1,45,0.0571428571428571
1,26,1,51,0.0285714285714286
1,26,1,58,0.0285714285714286
1,28,1,51,0.0833333333333333
1,28,1,194,0.333333333333333
1,28,1,216,0.0833333333333333
1,28,1,242,0.333333333333333
1,39,1,45,0.125
1,39,1,86,0.125
1,39,1,100,0.125
1,39,1,161,0.125
1,39,1,180,0.125
1,39,1,216,0.125
1,39,1,271,0.125
1,2,1,258,1
1,3,1,61,0.0135135135135135
1,3,1,113,0.0135135135135135
1,3,1,170,0.0135135135135135
1,3,1,194,0.540540540540541
1,3,1,221,0.0135135135135135
1,3,1,222,0.0405405405405405
1,3,1,230,0.0135135135135135
1,3,1,231,0.0135135135135135
1,3,1,262,0.0135135135135135
1,8,1,82,0.0175438596491228
1,8,1,117,0.0087719298245614
1,8,1,170,0.0263157894736842
1,8,1,216,0.087719298245614
1,8,1,244,0.114035087719298
1,8,1,258,0.184210526315789
1,9,1,49,0.00476190476190476
1,9,1,86,0.00476190476190476
1,9,1,101,0.00476190476190476
1,9,1,113,0.00476190476190476
1,9,1,147,0.00952380952380952
1,9,1,160,0.00476190476190476
1,9,1,164,0.00476190476190476
1,9,1,170,0.0238095238095238
1,9,1,187,0.00952380952380952
1,9,1,188,0.00952380952380952
1,9,1,189,0.0285714285714286
1,9,1,212,0.00476190476190476
1,9,1,216,0.00476190476190476
1,9,1,221,0.00952380952380952
1,9,1,232,0.00952380952380952
1,9,1,237,0.0333333333333333
1,9,1,242,0.166666666666667
1,9,1,256,0.00476190476190476
1,9,1,258,0.00476190476190476
1,9,1,267,0.019047619047619
1,9,1,273,0.0571428571428571
1,9,1,284,0.0142857142857143
1,12,1,45,0.75
1,12,1,281,0.25
1,15,1,45,0.166666666666667
1,15,1,72,0.166666666666667
1,15,1,116,0.166666666666667
1,15,1,164,0.166666666666667
1,15,1,258,0.166666666666667
1,17,1,54,0.112903225806452
1,17,1,63,0.032258064516129
1,17,1,72,0.0161290322580645
1,17,1,160,0.0806451612903226
1,17,1,164,0.0967741935483871
1,17,1,194,0.0161290322580645
1,17,1,206,0.0483870967741935
1,17,1,242,0.0161290322580645
1,17,1,250,0.0483870967741935
1,17,1,259,0.0967741935483871
1,17,1,284,0.0161290322580645
1,17,1,285,0.0483870967741935
1,26,1,45,0.0857142857142857
1,26,1,57,0.0285714285714286
1,26,1,116,0.285714285714286
1,26,1,164,0.0285714285714286
1,26,1,194,0.0857142857142857
1,26,1,196,0.257142857142857
1,26,1,244,0.0285714285714286
1,26,1,258,0.0857142857142857
1,28,1,86,0.0833333333333333
1,28,1,172,0.0833333333333333
1,39,1,258,0.125
2,8,2,66,0.00746268656716418
2,8,2,81,0.0298507462686567
2,8,2,111,0.00746268656716418
2,8,2,188,0.00746268656716418
2,8,2,216,0.335820895522388
2,9,2,59,0.0315457413249211
2,9,2,77,0.0157728706624606
2,9,2,81,0.0315457413249211
2,9,2,93,0.00315457413249211
2,9,2,106,0.00315457413249211
2,9,2,170,0.0126182965299685
2,9,2,183,0.00315457413249211
2,9,2,197,0.00315457413249211
2,9,2,214,0.00315457413249211
2,9,2,216,0.167192429022082
2,9,2,235,0.056782334384858
2,9,2,240,0.00315457413249211
2,9,2,242,0.0189274447949527
2,9,2,257,0.00315457413249211
2,9,2,274,0.0662460567823344
2,14,2,131,0.0769230769230769
2,14,2,234,0.153846153846154
2,14,2,275,0.461538461538462
2,17,2,50,0.021978021978022
2,17,2,55,0.010989010989011
2,17,2,59,0.010989010989011
2,17,2,71,0.010989010989011
2,17,2,77,0.032967032967033
2,17,2,81,0.043956043956044
2,17,2,89,0.021978021978022
2,17,2,91,0.021978021978022
2,17,2,95,0.010989010989011
2,17,2,125,0.0659340659340659
2,17,2,131,0.010989010989011
2,17,2,146,0.010989010989011
2,17,2,163,0.010989010989011
2,17,2,170,0.0659340659340659
2,17,2,206,0.010989010989011
2,17,2,216,0.131868131868132
2,17,2,223,0.010989010989011
2,17,2,225,0.0769230769230769
2,17,2,236,0.010989010989011
2,17,2,242,0.032967032967033
2,17,2,275,0.021978021978022
2,17,2,284,0.021978021978022
2,26,2,55,0.192307692307692
2,26,2,91,0.0384615384615385
2,26,2,92,0.0384615384615385
2,26,2,274,0.0384615384615385
2,26,2,275,0.0384615384615385
2,26,2,277,0.0384615384615385
2,32,2,264,0.166666666666667
2,36,2,55,0.25
2,36,2,101,0.25
2,36,2,234,0.5
2,8,2,59,0.00746268656716418
2,8,2,81,0.0149253731343284
2,8,2,84,0.0298507462686567
2,8,2,111,0.0149253731343284
2,8,2,131,0.00746268656716418
2,8,2,216,0.462686567164179
2,8,2,234,0.00746268656716418
2,8,2,235,0.00746268656716418
2,8,2,242,0.0597014925373134
2,9,2,50,0.00630914826498423
2,9,2,59,0.00315457413249211
2,9,2,69,0.00946372239747634
2,9,2,77,0.028391167192429
2,9,2,81,0.0252365930599369
2,9,2,122,0.00946372239747634
2,9,2,170,0.00946372239747634
2,9,2,210,0.00315457413249211
2,9,2,216,0.28391167192429
2,9,2,219,0.00315457413249211
2,9,2,229,0.00630914826498423
2,9,2,234,0.00946372239747634
2,9,2,242,0.00630914826498423
2,9,2,263,0.00315457413249211
2,9,2,264,0.00315457413249211
2,9,2,274,0.167192429022082
2,14,2,145,0.0769230769230769
2,14,2,275,0.230769230769231
2,15,2,155,0.25
2,15,2,201,0.25
2,15,2,275,0.5
2,17,2,48,0.021978021978022
2,17,2,55,0.021978021978022
2,17,2,74,0.010989010989011
2,17,2,89,0.021978021978022
2,17,2,99,0.032967032967033
2,17,2,111,0.032967032967033
2,17,2,128,0.032967032967033
2,17,2,153,0.010989010989011
2,17,2,168,0.010989010989011
2,17,2,170,0.032967032967033
2,17,2,225,0.010989010989011
2,17,2,234,0.010989010989011
2,17,2,236,0.010989010989011
2,17,2,242,0.043956043956044
2,17,2,284,0.021978021978022
2,22,2,77,0.333333333333333
2,22,2,91,0.333333333333333
2,22,2,105,0.333333333333333
2,26,2,55,0.230769230769231
2,26,2,77,0.0384615384615385
2,26,2,81,0.0384615384615385
2,26,2,131,0.0769230769230769
2,26,2,168,0.153846153846154
2,26,2,242,0.0384615384615385
2,26,2,274,0.0384615384615385
2,32,2,91,0.666666666666667
2,32,2,101,0.166666666666667
3,8,3,60,0.00826446280991736
3,8,3,92,0.28099173553719
3,8,3,101,0.00826446280991736
3,8,3,111,0.0661157024793388
3,8,3,115,0.00826446280991736
3,8,3,123,0.00826446280991736
3,8,3,165,0.00826446280991736
3,8,3,170,0.00826446280991736
3,8,3,187,0.0247933884297521
3,8,3,199,0.00826446280991736
3,8,3,235,0.00826446280991736
3,8,3,246,0.00826446280991736
3,8,3,274,0.00826446280991736
3,9,3,50,0.0290909090909091
3,9,3,60,0.00363636363636364
3,9,3,73,0.00363636363636364
3,9,3,76,0.00363636363636364
3,9,3,92,0.130909090909091
3,9,3,111,0.0254545454545455
3,9,3,163,0.00363636363636364
3,9,3,165,0.00727272727272727
3,9,3,187,0.0181818181818182
3,9,3,199,0.00363636363636364
3,9,3,235,0.00363636363636364
3,9,3,246,0.00363636363636364
3,9,3,274,0.287272727272727
3,11,3,50,0.0404040404040404
3,11,3,52,0.0707070707070707
3,11,3,55,0.0101010101010101
3,11,3,76,0.0404040404040404
3,11,3,85,0.0101010101010101
3,11,3,92,0.141414141414141
3,11,3,111,0.0101010101010101
3,11,3,115,0.0202020202020202
3,11,3,136,0.0101010101010101
3,11,3,139,0.0303030303030303
3,11,3,149,0.0101010101010101
3,11,3,151,0.0101010101010101
3,11,3,159,0.0404040404040404
3,11,3,165,0.0202020202020202
3,11,3,170,0.0303030303030303
3,11,3,179,0.0101010101010101
3,11,3,187,0.0303030303030303
3,11,3,199,0.0505050505050505
3,11,3,239,0.0101010101010101
3,12,3,76,0.027027027027027
3,12,3,163,0.162162162162162
3,12,3,275,0.432432432432432
3,16,3,92,0.2
3,16,3,268,0.4
3,16,3,275,0.4
3,17,3,73,0.0731707317073171
3,17,3,76,0.121951219512195
3,17,3,217,0.024390243902439
3,17,3,268,0.0487804878048781
3,17,3,275,0.024390243902439
3,26,3,44,0.0909090909090909
3,26,3,55,0.121212121212121
3,26,3,56,0.0303030303030303
3,26,3,60,0.0303030303030303
3,26,3,92,0.0303030303030303
3,26,3,139,0.0303030303030303
3,26,3,163,0.0303030303030303
3,26,3,165,0.0909090909090909
3,34,3,76,0.0833333333333333
3,34,3,92,0.0833333333333333
3,34,3,115,0.0833333333333333
3,34,3,163,0.0833333333333333
3,34,3,199,0.0277777777777778
3,35,3,50,0.0172413793103448
3,35,3,92,0.206896551724138
3,35,3,174,0.0172413793103448
3,35,3,187,0.0344827586206897
3,35,3,199,0.0172413793103448
3,38,3,76,0.142857142857143
3,38,3,95,0.0714285714285714
3,38,3,274,0.642857142857143
3,38,3,275,0.0714285714285714
3,38,3,276,0.0714285714285714
3,8,3,70,0.00826446280991736
3,8,3,92,0.512396694214876
3,8,3,187,0.0165289256198347
3,8,3,199,0.00826446280991736
3,9,3,50,0.0109090909090909
3,9,3,53,0.00363636363636364
3,9,3,60,0.00363636363636364
3,9,3,76,0.00363636363636364
3,9,3,92,0.156363636363636
3,9,3,106,0.0109090909090909
3,9,3,111,0.00363636363636364
3,9,3,163,0.00363636363636364
3,9,3,199,0.0181818181818182
3,9,3,251,0.00363636363636364
3,9,3,274,0.254545454545455
3,9,3,276,0.00363636363636364
3,11,3,41,0.0101010101010101
3,11,3,50,0.0404040404040404
3,11,3,92,0.282828282828283
3,11,3,159,0.0404040404040404
3,11,3,165,0.0101010101010101
3,11,3,235,0.0101010101010101
3,11,3,239,0.0101010101010101
3,12,3,52,0.027027027027027
3,12,3,76,0.0540540540540541
3,12,3,92,0.027027027027027
3,12,3,163,0.027027027027027
3,12,3,275,0.243243243243243
3,17,3,42,0.024390243902439
3,17,3,50,0.24390243902439
3,17,3,60,0.024390243902439
3,17,3,76,0.0975609756097561
3,17,3,130,0.024390243902439
3,17,3,165,0.0975609756097561
3,17,3,203,0.0487804878048781
3,17,3,215,0.0731707317073171
3,17,3,282,0.024390243902439
3,17,3,284,0.0487804878048781
3,19,3,55,1
3,25,3,202,1
3,26,3,44,0.0303030303030303
3,26,3,55,0.272727272727273
3,26,3,92,0.0303030303030303
3,26,3,165,0.151515151515152
3,26,3,215,0.0303030303030303
3,26,3,217,0.0303030303030303
3,34,3,60,0.0833333333333333
3,34,3,92,0.277777777777778
3,34,3,130,0.0277777777777778
3,34,3,163,0.111111111111111
3,34,3,165,0.0833333333333333
3,34,3,211,0.0277777777777778
3,34,3,270,0.0277777777777778
3,35,3,76,0.0344827586206897
3,35,3,92,0.551724137931034
3,35,3,112,0.0172413793103448
3,35,3,170,0.0517241379310345
3,35,3,187,0.0517241379310345
4,1,4,199,0.00892857142857143
4,1,4,226,0.00892857142857143
4,1,4,241,0.00892857142857143
4,1,4,274,0.107142857142857
4,7,4,92,1
4,8,4,41,0.0441176470588235
4,8,4,92,0.617647058823529
4,8,4,218,0.0147058823529412
4,9,4,50,0.0099009900990099
4,9,4,87,0.0099009900990099
4,9,4,92,0.366336633663366
4,9,4,98,0.0099009900990099
4,9,4,130,0.0099009900990099
4,9,4,165,0.0099009900990099
4,9,4,266,0.099009900990099
4,9,4,274,0.0099009900990099
4,10,4,50,0.0169491525423729
4,10,4,60,0.0169491525423729
4,10,4,92,0.372881355932203
4,10,4,136,0.0338983050847458
4,10,4,173,0.0169491525423729
4,10,4,176,0.0169491525423729
4,10,4,213,0.0169491525423729
4,10,4,253,0.0169491525423729
4,10,4,274,0.0169491525423729
4,13,4,92,0.34375
4,13,4,217,0.0625
4,13,4,266,0.25
4,14,4,266,0.0588235294117647
4,14,4,274,0.0588235294117647
4,14,4,275,0.235294117647059
4,17,4,73,0.024390243902439
4,17,4,92,0.024390243902439
4,17,4,98,0.024390243902439
4,17,4,143,0.024390243902439
4,17,4,145,0.0487804878048781
4,17,4,165,0.024390243902439
4,17,4,266,0.0975609756097561
4,17,4,284,0.0731707317073171
4,20,4,44,0.5
4,20,4,56,0.125
4,20,4,60,0.0625
4,20,4,92,0.0625
4,20,4,165,0.0625
4,20,4,249,0.0625
4,20,4,252,0.0625
4,20,4,266,0.0625
4,23,4,92,0.333333333333333
4,26,4,55,0.166666666666667
4,26,4,92,0.5
4,26,4,266,0.166666666666667
4,31,4,62,0.0121212121212121
4,31,4,92,0.357575757575758
4,31,4,111,0.00606060606060606
4,31,4,165,0.00606060606060606
4,31,4,170,0.0181818181818182
4,31,4,187,0.00606060606060606
4,31,4,212,0.0121212121212121
4,31,4,235,0.0181818181818182
4,31,4,238,0.0545454545454545
4,31,4,253,0.00606060606060606
4,34,4,60,0.166666666666667
4,34,4,92,0.666666666666667
4,34,4,266,0.166666666666667
4,37,4,165,0.125
4,37,4,266,0.125
4,37,4,274,0.375
4,38,4,92,0.0526315789473684
4,38,4,165,0.0175438596491228
4,38,4,192,0.192982456140351
4,38,4,217,0.0350877192982456
4,38,4,226,0.0175438596491228
4,38,4,266,0.0526315789473684
4,1,4,50,0.00892857142857143
4,1,4,73,0.0178571428571429
4,1,4,135,0.00892857142857143
4,1,4,157,0.00892857142857143
4,1,4,163,0.00892857142857143
4,1,4,192,0.0267857142857143
4,1,4,199,0.00892857142857143
4,1,4,204,0.0178571428571429
4,1,4,217,0.0267857142857143
4,1,4,227,0.0357142857142857
4,1,4,254,0.00892857142857143
4,1,4,266,0.00892857142857143
4,1,4,274,0.25
4,1,4,275,0.401785714285714
4,1,4,276,0.0178571428571429
4,1,4,280,0.00892857142857143
4,8,4,60,0.0147058823529412
4,8,4,92,0.264705882352941
4,8,4,111,0.0294117647058824
4,8,4,274,0.0147058823529412
4,9,4,41,0.0198019801980198
4,9,4,50,0.148514851485149
4,9,4,79,0.0099009900990099
4,9,4,92,0.108910891089109
4,9,4,167,0.0099009900990099
4,9,4,200,0.0198019801980198
4,9,4,217,0.0198019801980198
4,9,4,247,0.0099009900990099
4,9,4,274,0.128712871287129
4,10,4,50,0.0338983050847458
4,10,4,60,0.0677966101694915
4,10,4,64,0.0169491525423729
4,10,4,84,0.0169491525423729
4,10,4,92,0.0677966101694915
4,10,4,101,0.0169491525423729
4,10,4,136,0.0169491525423729
4,10,4,137,0.0169491525423729
4,10,4,170,0.0338983050847458
4,10,4,186,0.0169491525423729
4,10,4,187,0.0169491525423729
4,10,4,213,0.0338983050847458
4,10,4,217,0.0508474576271186
4,10,4,220,0.0169491525423729
4,10,4,243,0.0169491525423729
4,10,4,253,0.0338983050847458
4,12,4,275,1
4,13,4,46,0.03125
4,13,4,92,0.09375
4,13,4,185,0.03125
4,13,4,266,0.1875
4,14,4,60,0.0588235294117647
4,14,4,92,0.0588235294117647
4,14,4,217,0.176470588235294
4,14,4,274,0.117647058823529
4,14,4,275,0.235294117647059
4,17,4,50,0.024390243902439
4,17,4,92,0.024390243902439
4,17,4,130,0.024390243902439
4,17,4,136,0.024390243902439
4,17,4,140,0.024390243902439
4,17,4,165,0.0731707317073171
4,17,4,192,0.024390243902439
4,17,4,217,0.170731707317073
4,17,4,275,0.121951219512195
4,17,4,279,0.0731707317073171
4,17,4,284,0.0731707317073171
4,23,4,55,0.166666666666667
4,23,4,182,0.166666666666667
4,23,4,195,0.166666666666667
4,23,4,266,0.166666666666667
4,26,4,92,0.166666666666667
4,31,4,92,0.0727272727272727
4,31,4,109,0.00606060606060606
4,31,4,110,0.00606060606060606
4,31,4,111,0.212121212121212
4,31,4,150,0.0181818181818182
4,31,4,170,0.0848484848484849
4,31,4,185,0.00606060606060606
4,31,4,187,0.0181818181818182
4,31,4,217,0.00606060606060606
4,31,4,235,0.0242424242424242
4,31,4,238,0.0121212121212121
4,31,4,241,0.00606060606060606
4,31,4,243,0.0303030303030303
4,37,4,154,0.125
4,37,4,187,0.125
4,37,4,274,0.125
4,38,4,60,0.0175438596491228
4,38,4,73,0.0175438596491228
4,38,4,92,0.0350877192982456
4,38,4,140,0.0175438596491228
4,38,4,192,0.333333333333333
4,38,4,216,0.0350877192982456
4,38,4,266,0.0175438596491228
4,38,4,274,0.0175438596491228
4,38,4,275,0.140350877192982
5,1,5,81,0.0075187969924812
5,1,5,92,0.0526315789473684
5,1,5,126,0.037593984962406
5,1,5,132,0.0075187969924812
5,1,5,135,0.0075187969924812
5,1,5,165,0.0827067669172932
5,1,5,166,0.0075187969924812
5,1,5,181,0.0300751879699248
5,1,5,224,0.0150375939849624
5,1,5,227,0.0150375939849624
5,1,5,254,0.0075187969924812
5,1,5,274,0.0676691729323308
5,1,5,275,0.0977443609022556
5,1,5,278,0.0827067669172932
5,5,5,92,0.25
5,5,5,181,0.173076923076923
5,5,5,211,0.153846153846154
5,5,5,217,0.0192307692307692
5,8,5,92,0.26605504587156
5,8,5,141,0.018348623853211
5,8,5,217,0.018348623853211
5,8,5,260,0.00917431192660551
5,8,5,266,0.00917431192660551
5,9,5,50,0.08300395256917
5,9,5,78,0.00395256916996047
5,9,5,87,0.00395256916996047
5,9,5,92,0.0790513833992095
5,9,5,104,0.00395256916996047
5,9,5,120,0.00395256916996047
5,9,5,126,0.00790513833992095
5,9,5,138,0.00395256916996047
5,9,5,141,0.0316205533596838
5,9,5,165,0.00790513833992095
5,9,5,217,0.00790513833992095
5,9,5,242,0.00395256916996047
5,9,5,270,0.00395256916996047
5,9,5,274,0.102766798418972
5,9,5,278,0.0671936758893281
5,10,5,92,0.305555555555556
5,10,5,126,0.0277777777777778
5,12,5,50,0.285714285714286
5,12,5,55,0.012987012987013
5,12,5,92,0.012987012987013
5,12,5,163,0.025974025974026
5,12,5,165,0.012987012987013
5,12,5,275,0.519480519480519
5,17,5,126,0.25
5,26,5,43,0.0476190476190476
5,26,5,50,0.0476190476190476
5,26,5,55,0.476190476190476
5,26,5,92,0.0476190476190476
5,26,5,165,0.142857142857143
5,27,5,92,0.0681818181818182
5,27,5,275,0.136363636363636
5,29,5,92,1
5,31,5,50,0.00909090909090909
5,31,5,60,0.00909090909090909
5,31,5,92,0.445454545454545
5,31,5,138,0.0272727272727273
5,31,5,152,0.00909090909090909
5,31,5,187,0.00909090909090909
5,31,5,242,0.00909090909090909
5,35,5,50,0.0434782608695652
5,35,5,78,0.0434782608695652
5,35,5,92,0.304347826086957
5,35,5,175,0.0434782608695652
5,35,5,242,0.0434782608695652
5,38,5,50,0.176470588235294
5,38,5,92,0.352941176470588
5,38,5,165,0.117647058823529
5,38,5,166,0.0588235294117647
5,38,5,167,0.0588235294117647
5,1,5,60,0.0075187969924812
5,1,5,92,0.0601503759398496
5,1,5,126,0.0225563909774436
5,1,5,137,0.0075187969924812
5,1,5,165,0.0300751879699248
5,1,5,190,0.0075187969924812
5,1,5,241,0.0075187969924812
5,1,5,254,0.0225563909774436
5,1,5,274,0.0225563909774436
5,1,5,275,0.0150375939849624
5,1,5,278,0.278195488721804
5,4,5,139,1
5,5,5,50,0.0769230769230769
5,5,5,92,0.115384615384615
5,5,5,138,0.0192307692307692
5,5,5,181,0.0961538461538462
5,5,5,211,0.0769230769230769
5,5,5,254,0.0192307692307692
5,6,5,92,0.25
5,6,5,276,0.25
5,6,5,278,0.5
5,8,5,92,0.220183486238532
5,8,5,96,0.00917431192660551
5,8,5,102,0.00917431192660551
5,8,5,138,0.00917431192660551
5,8,5,178,0.0275229357798165
5,8,5,217,0.321100917431193
5,8,5,218,0.018348623853211
5,8,5,266,0.0642201834862385
5,9,5,50,0.075098814229249
5,9,5,83,0.0158102766798419
5,9,5,92,0.201581027667984
5,9,5,118,0.00395256916996047
5,9,5,124,0.00395256916996047
5,9,5,138,0.0118577075098814
5,9,5,141,0.0434782608695652
5,9,5,142,0.0316205533596838
5,9,5,175,0.00790513833992095
5,9,5,184,0.00395256916996047
5,9,5,242,0.00790513833992095
5,9,5,266,0.0118577075098814
5,9,5,274,0.16600790513834
5,10,5,92,0.555555555555556
5,10,5,138,0.0277777777777778
5,10,5,139,0.0277777777777778
5,10,5,142,0.0555555555555556
5,12,5,92,0.025974025974026
5,12,5,163,0.038961038961039
5,12,5,275,0.0649350649350649
5,13,5,92,0.727272727272727
5,13,5,101,0.0909090909090909
5,13,5,158,0.181818181818182
5,16,5,165,1
5,17,5,178,0.25
5,17,5,254,0.25
5,17,5,284,0.25
5,18,5,44,0.142857142857143
5,18,5,55,0.142857142857143
5,18,5,56,0.142857142857143
5,18,5,92,0.5
5,18,5,166,0.0714285714285714
5,26,5,44,0.0476190476190476
5,26,5,55,0.0476190476190476
5,26,5,56,0.0476190476190476
5,26,5,92,0.0476190476190476
5,26,5,266,0.0476190476190476
5,27,5,92,0.363636363636364
5,27,5,109,0.0909090909090909
5,27,5,275,0.340909090909091
5,30,5,50,0.191919191919192
5,30,5,55,0.0707070707070707
5,30,5,92,0.0303030303030303
5,30,5,124,0.0101010101010101
5,30,5,126,0.0707070707070707
5,30,5,138,0.0909090909090909
5,30,5,139,0.0505050505050505
5,30,5,165,0.161616161616162
5,30,5,166,0.101010101010101
5,30,5,181,0.111111111111111
5,30,5,211,0.0101010101010101
5,30,5,254,0.0909090909090909
5,30,5,278,0.0101010101010101
5,31,5,40,0.00909090909090909
5,31,5,50,0.0272727272727273
5,31,5,92,0.327272727272727
5,31,5,112,0.00909090909090909
5,31,5,138,0.00909090909090909
5,31,5,141,0.0181818181818182
5,31,5,187,0.0727272727272727
5,31,5,193,0.00909090909090909
5,35,5,92,0.478260869565217
5,35,5,242,0.0434782608695652
5,38,5,92,0.0588235294117647
5,38,5,124,0.0588235294117647
5,38,5,140,0.0588235294117647
5,38,5,178,0.0588235294117647
6,1,6,80,0.0117647058823529
6,1,6,88,0.0235294117647059
6,1,6,90,0.0117647058823529
6,1,6,92,0.0235294117647059
6,1,6,111,0.0235294117647059
6,1,6,165,0.0588235294117647
6,1,6,192,0.0117647058823529
6,1,6,215,0.0117647058823529
6,1,6,255,0.0470588235294118
6,1,6,269,0.0235294117647059
6,1,6,270,0.0117647058823529
6,1,6,272,0.0352941176470588
6,1,6,274,0.0352941176470588
6,1,6,275,0.0705882352941176
6,8,6,67,0.0120481927710843
6,8,6,92,0.36144578313253
6,8,6,141,0.072289156626506
6,8,6,216,0.036144578313253
6,8,6,219,0.0120481927710843
6,8,6,238,0.0120481927710843
6,8,6,255,0.0240963855421687
6,8,6,272,0.0120481927710843
6,9,6,92,0.0816326530612245
6,9,6,126,0.00680272108843537
6,9,6,141,0.115646258503401
6,9,6,205,0.00680272108843537
6,9,6,207,0.0136054421768707
6,9,6,216,0.0680272108843537
6,9,6,255,0.00680272108843537
6,9,6,272,0.00680272108843537
6,9,6,274,0.102040816326531
6,10,6,62,0.0298507462686567
6,10,6,92,0.402985074626866
6,10,6,138,0.0149253731343284
6,10,6,187,0.0149253731343284
6,10,6,197,0.0149253731343284
6,10,6,255,0.0298507462686567
6,16,6,275,0.25
6,17,6,60,0.0188679245283019
6,17,6,88,0.0377358490566038
6,17,6,126,0.0188679245283019
6,17,6,156,0.0188679245283019
6,17,6,163,0.0188679245283019
6,17,6,165,0.0188679245283019
6,17,6,275,0.0377358490566038
6,20,6,92,1
6,31,6,92,0.159090909090909
6,31,6,165,0.0113636363636364
6,31,6,177,0.0227272727272727
6,31,6,207,0.0340909090909091
6,31,6,216,0.0340909090909091
6,31,6,245,0.0113636363636364
6,33,6,88,0.0185185185185185
6,33,6,165,0.111111111111111
6,33,6,192,0.0185185185185185
6,33,6,216,0.037037037037037
6,33,6,272,0.0555555555555556
6,33,6,275,0.111111111111111
6,34,6,60,0.2
6,34,6,165,0.6
6,34,6,255,0.2
6,35,6,62,0.0476190476190476
6,35,6,68,0.0476190476190476
6,35,6,138,0.0476190476190476
6,35,6,163,0.0952380952380952
6,35,6,238,0.0952380952380952
6,35,6,243,0.0476190476190476
6,1,6,80,0.0117647058823529
6,1,6,88,0.0588235294117647
6,1,6,165,0.0235294117647059
6,1,6,170,0.0588235294117647
6,1,6,255,0.0470588235294118
6,1,6,272,0.0117647058823529
6,1,6,274,0.388235294117647
6,4,6,55,0.5
6,4,6,98,0.5
6,8,6,88,0.0120481927710843
6,8,6,92,0.120481927710843
6,8,6,141,0.0120481927710843
6,8,6,144,0.0120481927710843
6,8,6,163,0.0843373493975904
6,8,6,216,0.192771084337349
6,8,6,235,0.0120481927710843
6,8,6,255,0.0120481927710843
6,9,6,47,0.0612244897959184
6,9,6,92,0.0952380952380952
6,9,6,108,0.00680272108843537
6,9,6,133,0.0204081632653061
6,9,6,141,0.115646258503401
6,9,6,163,0.0272108843537415
6,9,6,165,0.00680272108843537
6,9,6,216,0.0748299319727891
6,9,6,272,0.142857142857143
6,9,6,274,0.0408163265306122
6,10,6,92,0.358208955223881
6,10,6,101,0.0149253731343284
6,10,6,148,0.0149253731343284
6,10,6,163,0.0149253731343284
6,10,6,187,0.0149253731343284
6,10,6,238,0.0149253731343284
6,10,6,255,0.0597014925373134
6,12,6,55,0.2
6,12,6,56,0.1
6,12,6,60,0.2
6,12,6,165,0.3
6,12,6,239,0.2
6,16,6,44,0.25
6,16,6,55,0.25
6,16,6,275,0.25
6,17,6,55,0.0188679245283019
6,17,6,60,0.0943396226415094
6,17,6,62,0.0188679245283019
6,17,6,92,0.0188679245283019
6,17,6,138,0.0188679245283019
6,17,6,165,0.39622641509434
6,17,6,203,0.0188679245283019
6,17,6,215,0.0188679245283019
6,17,6,216,0.0943396226415094
6,17,6,272,0.0188679245283019
6,17,6,275,0.0943396226415094
6,17,6,284,0.0188679245283019
6,26,6,44,0.285714285714286
6,26,6,84,0.285714285714286
6,26,6,163,0.285714285714286
6,26,6,165,0.142857142857143
6,31,6,62,0.125
6,31,6,92,0.545454545454545
6,31,6,216,0.0454545454545455
6,31,6,243,0.0113636363636364
6,33,6,60,0.0185185185185185
6,33,6,92,0.166666666666667
6,33,6,146,0.0185185185185185
6,33,6,163,0.0555555555555556
6,33,6,165,0.037037037037037
6,33,6,170,0.0185185185185185
6,33,6,192,0.0555555555555556
6,33,6,216,0.037037037037037
6,33,6,272,0.0185185185185185
6,33,6,275,0.203703703703704
6,33,6,283,0.0185185185185185
6,35,6,62,0.0476190476190476
6,35,6,92,0.142857142857143
6,35,6,143,0.0476190476190476
6,35,6,163,0.0476190476190476
6,35,6,197,0.0476190476190476
6,35,6,216,0.285714285714286
6,36,6,272,1
7,4,7,55,0.111111111111111
7,4,7,92,0.0555555555555556
7,4,7,114,0.0555555555555556
7,4,7,126,0.0555555555555556
7,4,7,138,0.0555555555555556
7,4,7,139,0.166666666666667
7,4,7,141,0.0555555555555556
7,5,7,92,0.533333333333333
7,8,7,92,0.45
7,8,7,129,0.0166666666666667
7,8,7,133,0.0166666666666667
7,8,7,163,0.0333333333333333
7,8,7,165,0.0166666666666667
7,9,7,92,0.343511450381679
7,9,7,103,0.00763358778625954
7,9,7,107,0.0152671755725191
7,9,7,163,0.0534351145038168
7,9,7,165,0.0152671755725191
7,9,7,270,0.00763358778625954
7,9,7,274,0.137404580152672
7,10,7,55,0.0119760479041916
7,10,7,92,0.173652694610778
7,10,7,97,0.00598802395209581
7,10,7,103,0.0119760479041916
7,10,7,107,0.0119760479041916
7,10,7,115,0.0119760479041916
7,10,7,126,0.00598802395209581
7,10,7,129,0.0119760479041916
7,10,7,136,0.00598802395209581
7,10,7,138,0.0538922155688623
7,10,7,139,0.0239520958083832
7,10,7,141,0.00598802395209581
7,10,7,163,0.029940119760479
7,10,7,165,0.0119760479041916
7,10,7,169,0.00598802395209581
7,10,7,170,0.00598802395209581
7,10,7,190,0.00598802395209581
7,10,7,191,0.0119760479041916
7,10,7,209,0.00598802395209581
7,10,7,239,0.00598802395209581
7,10,7,255,0.0119760479041916
7,21,7,98,0.1
7,21,7,162,0.1
7,21,7,165,0.1
7,21,7,176,0.1
7,21,7,202,0.1
7,21,7,243,0.1
7,21,7,275,0.4
7,31,7,92,0.363636363636364
7,31,7,127,0.012987012987013
7,31,7,170,0.012987012987013
7,31,7,265,0.012987012987013
7,35,7,92,0.5
7,35,7,190,0.125
7,4,7,55,0.166666666666667
7,4,7,92,0.0555555555555556
7,4,7,114,0.0555555555555556
7,4,7,138,0.111111111111111
7,4,7,288,0.0555555555555556
7,5,7,92,0.333333333333333
7,5,7,208,0.0666666666666667
7,5,7,211,0.0666666666666667
7,8,7,92,0.4
7,8,7,107,0.0166666666666667
7,8,7,138,0.0166666666666667
7,8,7,190,0.0166666666666667
7,8,7,226,0.0166666666666667
7,9,7,92,0.152671755725191
7,9,7,94,0.00763358778625954
7,9,7,107,0.00763358778625954
7,9,7,121,0.00763358778625954
7,9,7,126,0.00763358778625954
7,9,7,141,0.00763358778625954
7,9,7,163,0.00763358778625954
7,9,7,165,0.0152671755725191
7,9,7,208,0.00763358778625954
7,9,7,228,0.00763358778625954
7,9,7,233,0.00763358778625954
7,9,7,274,0.183206106870229
7,10,7,75,0.00598802395209581
7,10,7,92,0.251497005988024
7,10,7,96,0.0119760479041916
7,10,7,103,0.00598802395209581
7,10,7,111,0.00598802395209581
7,10,7,115,0.0658682634730539
7,10,7,126,0.00598802395209581
7,10,7,134,0.00598802395209581
7,10,7,138,0.0179640718562874
7,10,7,141,0.0179640718562874
7,10,7,163,0.0359281437125748
7,10,7,165,0.0538922155688623
7,10,7,170,0.0239520958083832
7,10,7,190,0.029940119760479
7,10,7,207,0.00598802395209581
7,10,7,242,0.00598802395209581
7,10,7,254,0.00598802395209581
7,10,7,265,0.0119760479041916
7,31,7,92,0.558441558441558
7,31,7,108,0.012987012987013
7,31,7,121,0.012987012987013
7,31,7,193,0.012987012987013
7,33,7,192,0.444444444444444
7,33,7,210,0.111111111111111
7,33,7,248,0.222222222222222
7,33,7,275,0.222222222222222
7,35,7,92,0.25
7,35,7,265,0.125
7,37,7,92,1
7,38,7,140,0.142857142857143
7,38,7,192,0.714285714285714
7,38,7,226,0.142857142857143
1,72,1,3,0.5
1,82,1,3,0.333333333333333
1,104,1,3,1
1,170,1,3,0.275
1,194,1,3,0.0769230769230769
1,242,1,3,0.028169014084507
1,51,1,8,0.333333333333333
1,113,1,8,0.0909090909090909
1,170,1,8,0.025
1,189,1,8,0.111111111111111
1,216,1,8,0.285714285714286
1,244,1,8,0.681818181818182
1,258,1,8,0.352941176470588
1,49,1,9,0.5
1,65,1,9,1
1,113,1,9,0.0909090909090909
1,119,1,9,1
1,160,1,9,0.142857142857143
1,170,1,9,0.45
1,171,1,9,1
1,187,1,9,0.5
1,189,1,9,0.222222222222222
1,216,1,9,0.0476190476190476
1,230,1,9,0.5
1,232,1,9,0.666666666666667
1,242,1,9,0.408450704225352
1,258,1,9,0.220588235294118
1,273,1,9,0.675675675675676
1,286,1,9,1
1,258,1,14,0.0147058823529412
1,216,1,15,0.0476190476190476
1,54,1,17,0.3
1,113,1,17,0.636363636363636
1,198,1,17,1
1,225,1,17,1
1,271,1,17,0.75
1,284,1,17,0.5
1,287,1,17,1
1,99,1,24,1
1,100,1,24,0.5
1,170,1,24,0.025
1,261,1,24,1
1,262,1,24,0.857142857142857
1,45,1,26,0.2
1,51,1,26,0.333333333333333
1,58,1,26,1
1,51,1,28,0.333333333333333
1,194,1,28,0.0769230769230769
1,216,1,28,0.0476190476190476
1,242,1,28,0.0563380281690141
1,45,1,39,0.1
1,86,1,39,0.333333333333333
1,100,1,39,0.5
1,161,1,39,1
1,180,1,39,1
1,216,1,39,0.0476190476190476
1,271,1,39,0.25
1,258,1,2,0.0147058823529412
1,61,1,3,1
1,113,1,3,0.0909090909090909
1,170,1,3,0.025
1,194,1,3,0.769230769230769
1,221,1,3,0.333333333333333
1,222,1,3,1
1,230,1,3,0.5
1,231,1,3,1
1,262,1,3,0.142857142857143
1,82,1,8,0.666666666666667
1,117,1,8,1
1,170,1,8,0.075
1,216,1,8,0.476190476190476
1,244,1,8,0.295454545454545
1,258,1,8,0.308823529411765
1,49,1,9,0.5
1,86,1,9,0.333333333333333
1,101,1,9,1
1,113,1,9,0.0909090909090909
1,147,1,9,1
1,160,1,9,0.142857142857143
1,164,1,9,0.111111111111111
1,170,1,9,0.125
1,187,1,9,0.5
1,188,1,9,1
1,189,1,9,0.666666666666667
1,212,1,9,1
1,216,1,9,0.0476190476190476
1,221,1,9,0.666666666666667
1,232,1,9,0.333333333333333
1,237,1,9,1
1,242,1,9,0.492957746478873
1,256,1,9,1
1,258,1,9,0.0147058823529412
1,267,1,9,1
1,273,1,9,0.324324324324324
1,284,1,9,0.375
1,45,1,12,0.3
1,281,1,12,1
1,45,1,15,0.1
1,72,1,15,0.25
1,116,1,15,0.0909090909090909
1,164,1,15,0.111111111111111
1,258,1,15,0.0147058823529412
1,54,1,17,0.7
1,63,1,17,1
1,72,1,17,0.25
1,160,1,17,0.714285714285714
1,164,1,17,0.666666666666667
1,194,1,17,0.0192307692307692
1,206,1,17,1
1,242,1,17,0.0140845070422535
1,250,1,17,1
1,259,1,17,1
1,284,1,17,0.125
1,285,1,17,1
1,45,1,26,0.3
1,57,1,26,1
1,116,1,26,0.909090909090909
1,164,1,26,0.111111111111111
1,194,1,26,0.0576923076923077
1,196,1,26,1
1,244,1,26,0.0227272727272727
1,258,1,26,0.0441176470588235
1,86,1,28,0.333333333333333
1,172,1,28,1
1,258,1,39,0.0147058823529412
2,66,2,8,1
2,81,2,8,0.137931034482759
2,111,2,8,0.166666666666667
2,188,2,8,1
2,216,2,8,0.17175572519084
2,59,2,9,0.769230769230769
2,77,2,9,0.263157894736842
2,81,2,9,0.344827586206897
2,93,2,9,1
2,106,2,9,1
2,170,2,9,0.25
2,183,2,9,1
2,197,2,9,1
2,214,2,9,1
2,216,2,9,0.202290076335878
2,235,2,9,0.947368421052632
2,240,2,9,1
2,242,2,9,0.25
2,257,2,9,1
2,274,2,9,0.276315789473684
2,131,2,14,0.2
2,234,2,14,0.222222222222222
2,275,2,14,0.428571428571429
2,50,2,17,0.5
2,55,2,17,0.0666666666666667
2,59,2,17,0.0769230769230769
2,71,2,17,1
2,77,2,17,0.157894736842105
2,81,2,17,0.137931034482759
2,89,2,17,0.5
2,91,2,17,0.25
2,95,2,17,1
2,125,2,17,1
2,131,2,17,0.2
2,146,2,17,1
2,163,2,17,1
2,170,2,17,0.375
2,206,2,17,1
2,216,2,17,0.0458015267175573
2,223,2,17,1
2,225,2,17,0.875
2,236,2,17,0.5
2,242,2,17,0.125
2,275,2,17,0.142857142857143
2,284,2,17,0.5
2,55,2,26,0.333333333333333
2,91,2,26,0.125
2,92,2,26,1
2,274,2,26,0.0131578947368421
2,275,2,26,0.0714285714285714
2,277,2,26,1
2,264,2,32,0.5
2,55,2,36,0.0666666666666667
2,101,2,36,0.5
2,234,2,36,0.222222222222222
2,59,2,8,0.0769230769230769
2,81,2,8,0.0689655172413793
2,84,2,8,1
2,111,2,8,0.333333333333333
2,131,2,8,0.2
2,216,2,8,0.236641221374046
2,234,2,8,0.111111111111111
2,235,2,8,0.0526315789473684
2,242,2,8,0.333333333333333
2,50,2,9,0.5
2,59,2,9,0.0769230769230769
2,69,2,9,1
2,77,2,9,0.473684210526316
2,81,2,9,0.275862068965517
2,122,2,9,1
2,170,2,9,0.1875
2,210,2,9,1
2,216,2,9,0.343511450381679
2,219,2,9,1
2,229,2,9,1
2,234,2,9,0.333333333333333
2,242,2,9,0.0833333333333333
2,263,2,9,1
2,264,2,9,0.5
2,274,2,9,0.697368421052632
2,145,2,14,1
2,275,2,14,0.214285714285714
2,155,2,15,1
2,201,2,15,1
2,275,2,15,0.142857142857143
2,48,2,17,1
2,55,2,17,0.133333333333333
2,74,2,17,1
2,89,2,17,0.5
2,99,2,17,1
2,111,2,17,0.5
2,128,2,17,1
2,153,2,17,1
2,168,2,17,0.2
2,170,2,17,0.1875
2,225,2,17,0.125
2,234,2,17,0.111111111111111
2,236,2,17,0.5
2,242,2,17,0.166666666666667
2,284,2,17,0.5
2,77,2,22,0.0526315789473684
2,91,2,22,0.125
2,105,2,22,1
2,55,2,26,0.4
2,77,2,26,0.0526315789473684
2,81,2,26,0.0344827586206897
2,131,2,26,0.4
2,168,2,26,0.8
2,242,2,26,0.0416666666666667
2,274,2,26,0.0131578947368421
2,91,2,32,0.5
2,101,2,32,0.5
3,60,3,8,0.125
3,92,3,8,0.122302158273381
3,101,3,8,1
3,111,3,8,0.470588235294118
3,115,3,8,0.166666666666667
3,123,3,8,1
3,165,3,8,0.0476190476190476
3,170,3,8,0.142857142857143
3,187,3,8,0.166666666666667
3,199,3,8,0.0666666666666667
3,235,3,8,0.333333333333333
3,246,3,8,0.5
3,274,3,8,0.00628930817610063
3,50,3,9,0.266666666666667
3,60,3,9,0.125
3,73,3,9,0.25
3,76,3,9,0.04
3,92,3,9,0.129496402877698
3,111,3,9,0.411764705882353
3,163,3,9,0.0588235294117647
3,165,3,9,0.0952380952380952
3,187,3,9,0.277777777777778
3,199,3,9,0.0666666666666667
3,235,3,9,0.333333333333333
3,246,3,9,0.5
3,274,3,9,0.49685534591195
3,50,3,11,0.133333333333333
3,52,3,11,0.875
3,55,3,11,0.05
3,76,3,11,0.16
3,85,3,11,1
3,92,3,11,0.0503597122302158
3,111,3,11,0.0588235294117647
3,115,3,11,0.333333333333333
3,136,3,11,1
3,139,3,11,0.75
3,149,3,11,1
3,151,3,11,1
3,159,3,11,0.5
3,165,3,11,0.0952380952380952
3,170,3,11,0.428571428571429
3,179,3,11,1
3,187,3,11,0.166666666666667
3,199,3,11,0.333333333333333
3,239,3,11,0.5
3,76,3,12,0.04
3,163,3,12,0.352941176470588
3,275,3,12,0.551724137931034
3,92,3,16,0.00359712230215827
3,268,3,16,0.5
3,275,3,16,0.0689655172413793
3,73,3,17,0.75
3,76,3,17,0.2
3,217,3,17,0.5
3,268,3,17,0.5
3,275,3,17,0.0344827586206897
3,44,3,26,0.75
3,55,3,26,0.2
3,56,3,26,1
3,60,3,26,0.125
3,92,3,26,0.00359712230215827
3,139,3,26,0.25
3,163,3,26,0.0588235294117647
3,165,3,26,0.142857142857143
3,76,3,34,0.12
3,92,3,34,0.0107913669064748
3,115,3,34,0.5
3,163,3,34,0.176470588235294
3,199,3,34,0.0666666666666667
3,50,3,35,0.0333333333333333
3,92,3,35,0.0431654676258993
3,174,3,35,1
3,187,3,35,0.111111111111111
3,199,3,35,0.0666666666666667
3,76,3,38,0.08
3,95,3,38,1
3,274,3,38,0.0566037735849057
3,275,3,38,0.0344827586206897
3,276,3,38,0.5
3,70,3,8,1
3,92,3,8,0.223021582733813
3,187,3,8,0.111111111111111
3,199,3,8,0.0666666666666667
3,50,3,9,0.1
3,53,3,9,1
3,60,3,9,0.125
3,76,3,9,0.04
3,92,3,9,0.154676258992806
3,106,3,9,1
3,111,3,9,0.0588235294117647
3,163,3,9,0.0588235294117647
3,199,3,9,0.333333333333333
3,251,3,9,1
3,274,3,9,0.440251572327044
3,276,3,9,0.5
3,41,3,11,1
3,50,3,11,0.133333333333333
3,92,3,11,0.100719424460432
3,159,3,11,0.5
3,165,3,11,0.0476190476190476
3,235,3,11,0.333333333333333
3,239,3,11,0.5
3,52,3,12,0.125
3,76,3,12,0.08
3,92,3,12,0.00359712230215827
3,163,3,12,0.0588235294117647
3,275,3,12,0.310344827586207
3,42,3,17,1
3,50,3,17,0.333333333333333
3,60,3,17,0.125
3,76,3,17,0.16
3,130,3,17,0.5
3,165,3,17,0.19047619047619
3,203,3,17,1
3,215,3,17,0.75
3,282,3,17,1
3,284,3,17,1
3,55,3,19,0.3
3,202,3,25,1
3,44,3,26,0.25
3,55,3,26,0.45
3,92,3,26,0.00359712230215827
3,165,3,26,0.238095238095238
3,215,3,26,0.25
3,217,3,26,0.5
3,60,3,34,0.375
3,92,3,34,0.0359712230215827
3,130,3,34,0.5
3,163,3,34,0.235294117647059
3,165,3,34,0.142857142857143
3,211,3,34,1
3,270,3,34,1
3,76,3,35,0.08
3,92,3,35,0.115107913669065
3,112,3,35,1
3,170,3,35,0.428571428571429
3,187,3,35,0.166666666666667
4,199,4,1,0.5
4,226,4,1,0.5
4,241,4,1,0.5
4,274,4,1,0.1875
4,92,4,7,0.00833333333333333
4,41,4,8,0.6
4,92,4,8,0.175
4,218,4,8,1
4,50,4,9,0.0476190476190476
4,87,4,9,1
4,92,4,9,0.154166666666667
4,98,4,9,0.5
4,130,4,9,0.5
4,165,4,9,0.111111111111111
4,266,4,9,0.256410256410256
4,274,4,9,0.015625
4,50,4,10,0.0476190476190476
4,60,4,10,0.1
4,92,4,10,0.0916666666666667
4,136,4,10,0.5
4,173,4,10,1
4,176,4,10,1
4,213,4,10,0.333333333333333
4,253,4,10,0.25
4,274,4,10,0.015625
4,92,4,13,0.0458333333333333
4,217,4,13,0.0869565217391304
4,266,4,13,0.205128205128205
4,266,4,14,0.0256410256410256
4,274,4,14,0.015625
4,275,4,14,0.0579710144927536
4,73,4,17,0.25
4,92,4,17,0.00416666666666667
4,98,4,17,0.5
4,143,4,17,1
4,145,4,17,1
4,165,4,17,0.111111111111111
4,266,4,17,0.102564102564103
4,284,4,17,0.5
4,44,4,20,1
4,56,4,20,1
4,60,4,20,0.1
4,92,4,20,0.00416666666666667
4,165,4,20,0.111111111111111
4,249,4,20,1
4,252,4,20,1
4,266,4,20,0.0256410256410256
4,92,4,23,0.00833333333333333
4,55,4,26,0.5
4,92,4,26,0.0125
4,266,4,26,0.0256410256410256
4,62,4,31,1
4,92,4,31,0.245833333333333
4,111,4,31,0.0263157894736842
4,165,4,31,0.111111111111111
4,170,4,31,0.157894736842105
4,187,4,31,0.166666666666667
4,212,4,31,1
4,235,4,31,0.428571428571429
4,238,4,31,0.818181818181818
4,253,4,31,0.25
4,60,4,34,0.1
4,92,4,34,0.0166666666666667
4,266,4,34,0.0256410256410256
4,165,4,37,0.111111111111111
4,266,4,37,0.0256410256410256
4,274,4,37,0.046875
4,92,4,38,0.0125
4,165,4,38,0.111111111111111
4,192,4,38,0.323529411764706
4,217,4,38,0.0869565217391304
4,226,4,38,0.5
4,266,4,38,0.0769230769230769
4,50,4,1,0.0476190476190476
4,73,4,1,0.5
4,135,4,1,1
4,157,4,1,1
4,163,4,1,1
4,192,4,1,0.0882352941176471
4,199,4,1,0.5
4,204,4,1,1
4,217,4,1,0.130434782608696
4,227,4,1,1
4,254,4,1,1
4,266,4,1,0.0256410256410256
4,274,4,1,0.4375
4,275,4,1,0.652173913043478
4,276,4,1,1
4,280,4,1,1
4,60,4,8,0.1
4,92,4,8,0.075
4,111,4,8,0.0526315789473684
4,274,4,8,0.015625
4,41,4,9,0.4
4,50,4,9,0.714285714285714
4,79,4,9,1
4,92,4,9,0.0458333333333333
4,167,4,9,1
4,200,4,9,1
4,217,4,9,0.0869565217391304
4,247,4,9,1
4,274,4,9,0.203125
4,50,4,10,0.0952380952380952
4,60,4,10,0.4
4,64,4,10,1
4,84,4,10,1
4,92,4,10,0.0166666666666667
4,101,4,10,1
4,136,4,10,0.25
4,137,4,10,1
4,170,4,10,0.105263157894737
4,186,4,10,1
4,187,4,10,0.166666666666667
4,213,4,10,0.666666666666667
4,217,4,10,0.130434782608696
4,220,4,10,1
4,243,4,10,0.166666666666667
4,253,4,10,0.5
4,275,4,12,0.0434782608695652
4,46,4,13,1
4,92,4,13,0.0125
4,185,4,13,0.5
4,266,4,13,0.153846153846154
4,60,4,14,0.1
4,92,4,14,0.00416666666666667
4,217,4,14,0.130434782608696
4,274,4,14,0.03125
4,275,4,14,0.0579710144927536
4,50,4,17,0.0476190476190476
4,92,4,17,0.00416666666666667
4,130,4,17,0.5
4,136,4,17,0.25
4,140,4,17,0.5
4,165,4,17,0.333333333333333
4,192,4,17,0.0294117647058824
4,217,4,17,0.304347826086957
4,275,4,17,0.072463768115942
4,279,4,17,1
4,284,4,17,0.5
4,55,4,23,0.5
4,182,4,23,1
4,195,4,23,1
4,266,4,23,0.0256410256410256
4,92,4,26,0.00416666666666667
4,92,4,31,0.05
4,109,4,31,1
4,110,4,31,1
4,111,4,31,0.921052631578947
4,150,4,31,1
4,170,4,31,0.736842105263158
4,185,4,31,0.5
4,187,4,31,0.5
4,217,4,31,0.0434782608695652
4,235,4,31,0.571428571428571
4,238,4,31,0.181818181818182
4,241,4,31,0.5
4,243,4,31,0.833333333333333
4,154,4,37,1
4,187,4,37,0.166666666666667
4,274,4,37,0.015625
4,60,4,38,0.1
4,73,4,38,0.25
4,92,4,38,0.00833333333333333
4,140,4,38,0.5
4,192,4,38,0.558823529411765
4,216,4,38,1
4,266,4,38,0.0256410256410256
4,274,4,38,0.015625
4,275,4,38,0.115942028985507
5,81,5,1,1
5,92,5,1,0.0198863636363636
5,126,5,1,0.263157894736842
5,132,5,1,1
5,135,5,1,1
5,165,5,1,0.275
5,166,5,1,0.0769230769230769
5,181,5,1,0.137931034482759
5,224,5,1,1
5,227,5,1,1
5,254,5,1,0.0666666666666667
5,274,5,1,0.1125
5,275,5,1,0.160493827160494
5,278,5,1,0.161764705882353
5,92,5,5,0.0369318181818182
5,181,5,5,0.310344827586207
5,211,5,5,0.615384615384615
5,217,5,5,0.025
5,92,5,8,0.0823863636363636
5,141,5,8,0.0869565217391304
5,217,5,8,0.05
5,260,5,8,1
5,266,5,8,0.0833333333333333
5,50,5,9,0.223404255319149
5,78,5,9,0.5
5,87,5,9,1
5,92,5,9,0.0568181818181818
5,104,5,9,1
5,120,5,9,1
5,126,5,9,0.105263157894737
5,138,5,9,0.05
5,141,5,9,0.347826086956522
5,165,5,9,0.05
5,217,5,9,0.05
5,242,5,9,0.166666666666667
5,270,5,9,1
5,274,5,9,0.325
5,278,5,9,0.25
5,92,5,10,0.03125
5,126,5,10,0.0526315789473684
5,50,5,12,0.234042553191489
5,55,5,12,0.0476190476190476
5,92,5,12,0.00284090909090909
5,163,5,12,0.4
5,165,5,12,0.025
5,275,5,12,0.493827160493827
5,126,5,17,0.0526315789473684
5,43,5,26,1
5,50,5,26,0.0106382978723404
5,55,5,26,0.476190476190476
5,92,5,26,0.00284090909090909
5,165,5,26,0.075
5,92,5,27,0.00852272727272727
5,275,5,27,0.0740740740740741
5,92,5,29,0.0284090909090909
5,50,5,31,0.0106382978723404
5,60,5,31,0.5
5,92,5,31,0.139204545454545
5,138,5,31,0.15
5,152,5,31,1
5,187,5,31,0.111111111111111
5,242,5,31,0.166666666666667
5,50,5,35,0.0106382978723404
5,78,5,35,0.5
5,92,5,35,0.0198863636363636
5,175,5,35,0.333333333333333
5,242,5,35,0.166666666666667
5,50,5,38,0.0319148936170213
5,92,5,38,0.0170454545454545
5,165,5,38,0.05
5,166,5,38,0.0769230769230769
5,167,5,38,1
5,60,5,1,0.5
5,92,5,1,0.0227272727272727
5,126,5,1,0.157894736842105
5,137,5,1,1
5,165,5,1,0.1
5,190,5,1,1
5,241,5,1,1
5,254,5,1,0.2
5,274,5,1,0.0375
5,275,5,1,0.0246913580246914
5,278,5,1,0.544117647058823
5,139,5,4,0.142857142857143
5,50,5,5,0.0425531914893617
5,92,5,5,0.0170454545454545
5,138,5,5,0.05
5,181,5,5,0.172413793103448
5,211,5,5,0.307692307692308
5,254,5,5,0.0666666666666667
5,92,5,6,0.00284090909090909
5,276,5,6,1
5,278,5,6,0.0294117647058824
5,92,5,8,0.0681818181818182
5,96,5,8,1
5,102,5,8,1
5,138,5,8,0.05
5,178,5,8,0.6
5,217,5,8,0.875
5,218,5,8,1
5,266,5,8,0.583333333333333
5,50,5,9,0.202127659574468
5,83,5,9,1
5,92,5,9,0.144886363636364
5,118,5,9,1
5,124,5,9,0.333333333333333
5,138,5,9,0.15
5,141,5,9,0.478260869565217
5,142,5,9,0.8
5,175,5,9,0.666666666666667
5,184,5,9,1
5,242,5,9,0.333333333333333
5,266,5,9,0.25
5,274,5,9,0.525
5,92,5,10,0.0568181818181818
5,138,5,10,0.05
5,139,5,10,0.142857142857143
5,142,5,10,0.2
5,92,5,12,0.00568181818181818
5,163,5,12,0.6
5,275,5,12,0.0617283950617284
5,92,5,13,0.0227272727272727
5,101,5,13,1
5,158,5,13,1
5,165,5,16,0.025
5,178,5,17,0.2
5,254,5,17,0.0666666666666667
5,284,5,17,1
5,44,5,18,0.666666666666667
5,55,5,18,0.0952380952380952
5,56,5,18,0.666666666666667
5,92,5,18,0.0198863636363636
5,166,5,18,0.0769230769230769
5,44,5,26,0.333333333333333
5,55,5,26,0.0476190476190476
5,56,5,26,0.333333333333333
5,92,5,26,0.00284090909090909
5,266,5,26,0.0833333333333333
5,92,5,27,0.0454545454545455
5,109,5,27,1
5,275,5,27,0.185185185185185
5,50,5,30,0.202127659574468
5,55,5,30,0.333333333333333
5,92,5,30,0.00852272727272727
5,124,5,30,0.333333333333333
5,126,5,30,0.368421052631579
5,138,5,30,0.45
5,139,5,30,0.714285714285714
5,165,5,30,0.4
5,166,5,30,0.769230769230769
5,181,5,30,0.379310344827586
5,211,5,30,0.0769230769230769
5,254,5,30,0.6
5,278,5,30,0.0147058823529412
5,40,5,31,1
5,50,5,31,0.0319148936170213
5,92,5,31,0.102272727272727
5,112,5,31,1
5,138,5,31,0.05
5,141,5,31,0.0869565217391304
5,187,5,31,0.888888888888889
5,193,5,31,1
5,92,5,35,0.03125
5,242,5,35,0.166666666666667
5,92,5,38,0.00284090909090909
5,124,5,38,0.333333333333333
5,140,5,38,1
5,178,5,38,0.2
6,80,6,1,0.5
6,88,6,1,0.181818181818182
6,90,6,1,1
6,92,6,1,0.0102040816326531
6,111,6,1,1
6,165,6,1,0.108695652173913
6,192,6,1,0.2
6,215,6,1,0.5
6,255,6,1,0.210526315789474
6,269,6,1,1
6,270,6,1,1
6,272,6,1,0.0882352941176471
6,274,6,1,0.0526315789473684
6,275,6,1,0.1875
6,67,6,8,1
6,92,6,8,0.153061224489796
6,141,6,8,0.146341463414634
6,216,6,8,0.0483870967741935
6,219,6,8,1
6,238,6,8,0.25
6,255,6,8,0.105263157894737
6,272,6,8,0.0294117647058824
6,92,6,9,0.0612244897959184
6,126,6,9,0.5
6,141,6,9,0.414634146341463
6,205,6,9,1
6,207,6,9,0.4
6,216,6,9,0.161290322580645
6,255,6,9,0.0526315789473684
6,272,6,9,0.0294117647058824
6,274,6,9,0.263157894736842
6,62,6,10,0.125
6,92,6,10,0.137755102040816
6,138,6,10,0.333333333333333
6,187,6,10,0.5
6,197,6,10,0.5
6,255,6,10,0.105263157894737
6,275,6,16,0.03125
6,60,6,17,0.1
6,88,6,17,0.181818181818182
6,126,6,17,0.5
6,156,6,17,1
6,163,6,17,0.0476190476190476
6,165,6,17,0.0217391304347826
6,275,6,17,0.0625
6,92,6,20,0.0102040816326531
6,92,6,31,0.0714285714285714
6,165,6,31,0.0217391304347826
6,177,6,31,1
6,207,6,31,0.6
6,216,6,31,0.0483870967741935
6,245,6,31,1
6,88,6,33,0.0909090909090909
6,165,6,33,0.130434782608696
6,192,6,33,0.2
6,216,6,33,0.032258064516129
6,272,6,33,0.0882352941176471
6,275,6,33,0.1875
6,60,6,34,0.1
6,165,6,34,0.0652173913043478
6,255,6,34,0.0526315789473684
6,62,6,35,0.0625
6,68,6,35,1
6,138,6,35,0.333333333333333
6,163,6,35,0.0952380952380952
6,238,6,35,0.5
6,243,6,35,0.5
6,80,6,1,0.5
6,88,6,1,0.454545454545455
6,165,6,1,0.0434782608695652
6,170,6,1,0.833333333333333
6,255,6,1,0.210526315789474
6,272,6,1,0.0294117647058824
6,274,6,1,0.578947368421053
6,55,6,4,0.333333333333333
6,98,6,4,1
6,88,6,8,0.0909090909090909
6,92,6,8,0.0510204081632653
6,141,6,8,0.024390243902439
6,144,6,8,1
6,163,6,8,0.333333333333333
6,216,6,8,0.258064516129032
6,235,6,8,1
6,255,6,8,0.0526315789473684
6,47,6,9,1
6,92,6,9,0.0714285714285714
6,108,6,9,1
6,133,6,9,1
6,141,6,9,0.414634146341463
6,163,6,9,0.19047619047619
6,165,6,9,0.0217391304347826
6,216,6,9,0.17741935483871
6,272,6,9,0.617647058823529
6,274,6,9,0.105263157894737
6,92,6,10,0.122448979591837
6,101,6,10,1
6,148,6,10,1
6,163,6,10,0.0476190476190476
6,187,6,10,0.5
6,238,6,10,0.25
6,255,6,10,0.210526315789474
6,55,6,12,0.333333333333333
6,56,6,12,1
6,60,6,12,0.2
6,165,6,12,0.0652173913043478
6,239,6,12,1
6,44,6,16,0.333333333333333
6,55,6,16,0.166666666666667
6,275,6,16,0.03125
6,55,6,17,0.166666666666667
6,60,6,17,0.5
6,62,6,17,0.0625
6,92,6,17,0.00510204081632653
6,138,6,17,0.333333333333333
6,165,6,17,0.456521739130435
6,203,6,17,1
6,215,6,17,0.5
6,216,6,17,0.0806451612903226
6,272,6,17,0.0294117647058824
6,275,6,17,0.15625
6,284,6,17,1
6,44,6,26,0.666666666666667
6,84,6,26,1
6,163,6,26,0.0952380952380952
6,165,6,26,0.0217391304347826
6,62,6,31,0.6875
6,92,6,31,0.244897959183673
6,216,6,31,0.0645161290322581
6,243,6,31,0.5
6,60,6,33,0.1
6,92,6,33,0.0459183673469388
6,146,6,33,1
6,163,6,33,0.142857142857143
6,165,6,33,0.0434782608695652
6,170,6,33,0.166666666666667
6,192,6,33,0.6
6,216,6,33,0.032258064516129
6,272,6,33,0.0294117647058824
6,275,6,33,0.34375
6,283,6,33,1
6,62,6,35,0.0625
6,92,6,35,0.0153061224489796
6,143,6,35,1
6,163,6,35,0.0476190476190476
6,197,6,35,0.5
6,216,6,35,0.0967741935483871
6,272,6,36,0.0588235294117647
7,55,7,4,0.285714285714286
7,92,7,4,0.00357142857142857
7,114,7,4,0.5
7,126,7,4,0.25
7,138,7,4,0.0625
7,139,7,4,0.428571428571429
7,141,7,4,0.166666666666667
7,92,7,5,0.0285714285714286
7,92,7,8,0.0964285714285714
7,129,7,8,0.333333333333333
7,133,7,8,1
7,163,7,8,0.0952380952380952
7,165,7,8,0.0588235294117647
7,92,7,9,0.160714285714286
7,103,7,9,0.25
7,107,7,9,0.333333333333333
7,163,7,9,0.333333333333333
7,165,7,9,0.117647058823529
7,270,7,9,1
7,274,7,9,0.428571428571429
7,55,7,10,0.285714285714286
7,92,7,10,0.103571428571429
7,97,7,10,1
7,103,7,10,0.5
7,107,7,10,0.333333333333333
7,115,7,10,0.153846153846154
7,126,7,10,0.25
7,129,7,10,0.666666666666667
7,136,7,10,1
7,138,7,10,0.5625
7,139,7,10,0.571428571428571
7,141,7,10,0.166666666666667
7,163,7,10,0.238095238095238
7,165,7,10,0.117647058823529
7,169,7,10,1
7,170,7,10,0.166666666666667
7,190,7,10,0.125
7,191,7,10,1
7,209,7,10,1
7,239,7,10,1
7,255,7,10,1
7,98,7,21,1
7,162,7,21,1
7,165,7,21,0.0588235294117647
7,176,7,21,1
7,202,7,21,1
7,243,7,21,1
7,275,7,21,0.666666666666667
7,92,7,31,0.1
7,127,7,31,1
7,170,7,31,0.166666666666667
7,265,7,31,0.25
7,92,7,35,0.0142857142857143
7,190,7,35,0.125
7,55,7,4,0.428571428571429
7,92,7,4,0.00357142857142857
7,114,7,4,0.5
7,138,7,4,0.125
7,288,7,4,1
7,92,7,5,0.0178571428571429
7,208,7,5,0.5
7,211,7,5,1
7,92,7,8,0.0857142857142857
7,107,7,8,0.166666666666667
7,138,7,8,0.0625
7,190,7,8,0.125
7,226,7,8,0.333333333333333
7,92,7,9,0.0714285714285714
7,94,7,9,1
7,107,7,9,0.166666666666667
7,121,7,9,0.5
7,126,7,9,0.25
7,141,7,9,0.166666666666667
7,163,7,9,0.0476190476190476
7,165,7,9,0.117647058823529
7,208,7,9,0.5
7,228,7,9,1
7,233,7,9,1
7,274,7,9,0.571428571428571
7,75,7,10,1
7,92,7,10,0.15
7,96,7,10,1
7,103,7,10,0.25
7,111,7,10,1
7,115,7,10,0.846153846153846
7,126,7,10,0.25
7,134,7,10,1
7,138,7,10,0.1875
7,141,7,10,0.5
7,163,7,10,0.285714285714286
7,165,7,10,0.529411764705882
7,170,7,10,0.666666666666667
7,190,7,10,0.625
7,207,7,10,1
7,242,7,10,1
7,254,7,10,1
7,265,7,10,0.5
7,92,7,31,0.153571428571429
7,108,7,31,1
7,121,7,31,0.5
7,193,7,31,1
7,192,7,33,0.285714285714286
7,210,7,33,1
7,248,7,33,1
7,275,7,33,0.333333333333333
7,92,7,35,0.00714285714285714
7,265,7,35,0.25
7,92,7,37,0.00357142857142857
7,140,7,38,1
7,192,7,38,0.714285714285714
7,226,7,38,0.666666666666667
6,8,2,8,0.0952380952380953
3,8,2,8,0.0869565217391304
4,8,2,8,0.0625
1,8,2,8,0.0526315789473684
3,8,6,8,0.0833333333333334
7,8,6,8,0.105263157894737
4,8,6,8,0.0588235294117647
5,8,6,8,0.1
1,8,6,8,0.0499999999999999
7,8,3,8,0.0952380952380953
4,8,3,8,0.25
5,8,3,8,0.0434782608695652
1,8,3,8,0.0454545454545455
4,8,7,8,0.0714285714285714
5,8,7,8,0.117647058823529
5,8,4,8,0.142857142857143
6,9,2,9,0.0555555555555556
3,9,2,9,0.108108108108108
7,9,2,9,0.027027027027027
4,9,2,9,0.0555555555555556
5,9,2,9,0.0697674418604651
1,9,2,9,0.0625
3,9,6,9,0.148148148148148
7,9,6,9,0.272727272727273
4,9,6,9,0.12
5,9,6,9,0.161290322580645
1,9,6,9,0.025
7,9,3,9,0.148148148148148
4,9,3,9,0.148148148148148
5,9,3,9,0.114285714285714
1,9,3,9,0.0232558139534883
4,9,7,9,0.12
5,9,7,9,0.2
5,9,4,9,0.241379310344828
1,9,5,9,0.0208333333333334
4,14,2,14,0.111111111111111
6,17,2,17,0.121951219512195
3,17,2,17,0.0731707317073171
4,17,2,17,0.0697674418604651
5,17,2,17,0.0303030303030303
1,17,2,17,0.0930232558139535
3,17,6,17,0.25
4,17,6,17,0.142857142857143
5,17,6,17,0.111111111111111
1,17,6,17,0.03125
4,17,3,17,0.304347826086956
5,17,3,17,0.0588235294117647
1,17,3,17,0.0333333333333334
5,17,4,17,0.0526315789473684
1,17,4,17,0.03125
1,17,5,17,0.0499999999999999
3,26,2,26,0.105263157894737
4,26,2,26,0.166666666666667
5,26,2,26,0.117647058823529
3,26,6,26,0.272727272727273
5,26,6,26,0.2
4,26,3,26,0.181818181818182
5,26,3,26,0.384615384615385
5,26,4,26,0.375
5,12,6,12,0.222222222222222
4,12,3,12,0.2
5,12,3,12,0.375
5,12,4,12,0.166666666666667
3,16,6,16,0.2
3,34,6,34,0.181818181818182
4,34,6,34,0.2
4,34,3,34,0.181818181818182
3,35,6,35,0.0588235294117647
7,35,6,35,0.0833333333333334
5,35,6,35,0.0714285714285714
7,35,3,35,0.1
5,35,3,35,0.181818181818182
5,35,7,35,0.142857142857143
4,38,3,38,0.133333333333333
4,38,7,38,0.25
5,38,7,38,0.1
5,38,4,38,0.176470588235294
4,1,6,1,0.1
5,1,6,1,0.137931034482759
5,1,4,1,0.2
7,10,6,10,0.114285714285714
4,10,6,10,0.115384615384615
5,10,6,10,0.153846153846154
4,10,7,10,0.0666666666666667
5,10,7,10,0.133333333333333
5,10,4,10,0.0434782608695652
5,13,4,13,0.142857142857143
4,20,6,20,0.125
7,31,6,31,0.0714285714285714
4,31,6,31,0.19047619047619
5,31,6,31,0.0555555555555556
4,31,7,31,0.0909090909090909
5,31,7,31,0.125
5,31,4,31,0.076923076923077
5,5,7,5,0.25
7,4,6,4,0.111111111111111
5,4,7,4,0.125
7,33,6,33,0.142857142857143
1,170,2,170,0.2
1,170,3,170,0.166666666666667
4,170,7,170,1
5,242,2,242,0.166666666666667
1,242,2,242,0.333333333333333
1,242,5,242,0.166666666666667
6,216,2,216,0.5
1,216,2,216,0.333333333333333
1,216,6,216,0.222222222222222
4,187,6,187,0.333333333333333
1,187,3,187,0.25
5,187,4,187,0.333333333333333
1,225,2,225,1
6,284,2,284,1
3,284,2,284,1
4,284,2,284,1
5,284,2,284,1
1,284,2,284,0.5
3,284,6,284,1
4,284,6,284,1
5,284,6,284,1
1,284,6,284,0.5
4,284,3,284,1
5,284,3,284,1
1,284,3,284,0.5
5,284,4,284,1
1,284,4,284,0.5
1,284,5,284,0.5
4,101,6,101,1
1,206,2,206,1
3,111,2,111,0.25
4,111,2,111,0.333333333333333
4,111,3,111,0.25
3,106,2,106,1
6,235,2,235,0.5
3,235,2,235,0.666666666666667
3,235,6,235,0.333333333333333
6,274,2,274,0.333333333333333
3,274,2,274,0.25
7,274,2,274,0.5
4,274,2,274,0.125
5,274,2,274,0.333333333333333
3,274,6,274,0.25
7,274,6,274,0.5
4,274,6,274,0.285714285714286
5,274,6,274,1
7,274,3,274,0.333333333333333
4,274,3,274,0.428571428571428
5,274,3,274,0.25
4,274,7,274,0.142857142857143
5,274,7,274,0.5
5,274,4,274,0.285714285714286
6,275,2,275,0.142857142857143
3,275,2,275,0.142857142857143
4,275,2,275,0.285714285714286
3,275,6,275,0.333333333333333
7,275,6,275,0.2
4,275,6,275,0.285714285714286
5,275,6,275,0.166666666666667
4,275,3,275,0.5
5,275,3,275,0.166666666666667
5,275,4,275,0.333333333333333
3,50,2,50,0.5
4,50,2,50,0.5
5,50,2,50,0.111111111111111
4,50,3,50,0.333333333333333
5,50,3,50,0.2
5,50,4,50,0.0909090909090909
6,55,2,55,0.166666666666667
3,55,2,55,0.2
4,55,2,55,0.25
5,55,2,55,0.166666666666667
7,55,6,55,0.2
5,55,6,55,0.142857142857143
4,55,3,55,0.25
5,55,3,55,0.166666666666667
5,55,4,55,0.2
6,163,2,163,0.142857142857143
3,163,6,163,0.222222222222222
7,163,6,163,0.428571428571428
7,163,3,163,0.166666666666667
5,163,3,163,0.25
3,92,2,92,0.125
4,92,2,92,0.076923076923077
5,92,2,92,0.0625
3,92,6,92,0.214285714285714
7,92,6,92,0.416666666666667
4,92,6,92,0.375
5,92,6,92,0.315789473684211
7,92,3,92,0.230769230769231
4,92,3,92,0.235294117647059
5,92,3,92,0.263157894736842
4,92,7,92,0.235294117647059
5,92,7,92,0.333333333333333
5,92,4,92,0.318181818181818
3,60,6,60,0.285714285714286
4,60,6,60,0.111111111111111
4,60,3,60,0.222222222222222
3,165,6,165,0.4
7,165,6,165,0.0909090909090909
4,165,6,165,0.272727272727273
5,165,6,165,0.363636363636364
7,165,3,165,0.25
4,165,3,165,0.2
5,165,3,165,0.181818181818182
4,165,7,165,0.111111111111111
5,165,7,165,0.1
5,165,4,165,0.181818181818182
4,73,3,73,0.25
4,136,7,136,0.5
5,139,7,139,0.666666666666667
4,217,3,217,0.111111111111111
5,217,4,217,0.1
3,44,6,44,0.5
5,44,6,44,0.333333333333333
5,44,3,44,0.5
5,56,3,56,0.5
4,130,3,130,0.333333333333333
3,203,6,203,1
3,215,6,215,0.333333333333333
5,211,7,211,0.5
5,270,7,270,1
4,226,7,226,0.333333333333333
5,241,4,241,0.5
5,218,4,218,1
5,87,4,87,1
5,266,4,266,0.166666666666667
4,62,6,62,0.25
7,192,6,192,0.333333333333333
4,192,6,192,0.25
4,192,7,192,0.25
5,135,4,135,1
5,227,4,227,1
5,254,4,254,0.25
4,243,6,243,0.333333333333333
4,140,7,140,0.5
5,140,7,140,1
5,140,4,140,0.5
7,126,6,126,0.25
5,126,6,126,0.4
5,126,7,126,0.333333333333333
7,141,6,141,0.25
5,141,6,141,0.666666666666667
5,141,7,141,0.2
7,138,6,138,0.2
5,138,6,138,0.125
5,138,7,138,0.285714285714286
5,193,7,193,1
7,255,6,255,0.2
2,8,6,8,0.0952380952380953
2,8,3,8,0.0869565217391304
2,8,4,8,0.0625
2,8,1,8,0.0526315789473684
6,8,3,8,0.0833333333333334
6,8,7,8,0.105263157894737
6,8,4,8,0.0588235294117647
6,8,5,8,0.1
6,8,1,8,0.0499999999999999
3,8,7,8,0.0952380952380953
3,8,4,8,0.25
3,8,5,8,0.0434782608695652
3,8,1,8,0.0454545454545455
7,8,4,8,0.0714285714285714
7,8,5,8,0.117647058823529
4,8,5,8,0.142857142857143
2,9,6,9,0.0555555555555556
2,9,3,9,0.108108108108108
2,9,7,9,0.027027027027027
2,9,4,9,0.0555555555555556
2,9,5,9,0.0697674418604651
2,9,1,9,0.0625
6,9,3,9,0.148148148148148
6,9,7,9,0.272727272727273
6,9,4,9,0.12
6,9,5,9,0.161290322580645
6,9,1,9,0.025
3,9,7,9,0.148148148148148
3,9,4,9,0.148148148148148
3,9,5,9,0.114285714285714
3,9,1,9,0.0232558139534883
7,9,4,9,0.12
7,9,5,9,0.2
4,9,5,9,0.241379310344828
5,9,1,9,0.0208333333333334
2,14,4,14,0.111111111111111
2,17,6,17,0.121951219512195
2,17,3,17,0.0731707317073171
2,17,4,17,0.0697674418604651
2,17,5,17,0.0303030303030303
2,17,1,17,0.0930232558139535
6,17,3,17,0.25
6,17,4,17,0.142857142857143
6,17,5,17,0.111111111111111
6,17,1,17,0.03125
3,17,4,17,0.304347826086956
3,17,5,17,0.0588235294117647
3,17,1,17,0.0333333333333334
4,17,5,17,0.0526315789473684
4,17,1,17,0.03125
5,17,1,17,0.0499999999999999
2,26,3,26,0.105263157894737
2,26,4,26,0.166666666666667
2,26,5,26,0.117647058823529
6,26,3,26,0.272727272727273
6,26,5,26,0.2
3,26,4,26,0.181818181818182
3,26,5,26,0.384615384615385
4,26,5,26,0.375
6,12,5,12,0.222222222222222
3,12,4,12,0.2
3,12,5,12,0.375
4,12,5,12,0.166666666666667
6,16,3,16,0.2
6,34,3,34,0.181818181818182
6,34,4,34,0.2
3,34,4,34,0.181818181818182
6,35,3,35,0.0588235294117647
6,35,7,35,0.0833333333333334
6,35,5,35,0.0714285714285714
3,35,7,35,0.1
3,35,5,35,0.181818181818182
7,35,5,35,0.142857142857143
3,38,4,38,0.133333333333333
7,38,4,38,0.25
7,38,5,38,0.1
4,38,5,38,0.176470588235294
6,1,4,1,0.1
6,1,5,1,0.137931034482759
4,1,5,1,0.2
6,10,7,10,0.114285714285714
6,10,4,10,0.115384615384615
6,10,5,10,0.153846153846154
7,10,4,10,0.0666666666666667
7,10,5,10,0.133333333333333
4,10,5,10,0.0434782608695652
4,13,5,13,0.142857142857143
6,20,4,20,0.125
6,31,7,31,0.0714285714285714
6,31,4,31,0.19047619047619
6,31,5,31,0.0555555555555556
7,31,4,31,0.0909090909090909
7,31,5,31,0.125
4,31,5,31,0.076923076923077
7,5,5,5,0.25
6,4,7,4,0.111111111111111
7,4,5,4,0.125
6,33,7,33,0.142857142857143
2,170,1,170,0.2
3,170,1,170,0.166666666666667
7,170,4,170,1
2,242,5,242,0.166666666666667
2,242,1,242,0.333333333333333
5,242,1,242,0.166666666666667
2,216,6,216,0.5
2,216,1,216,0.333333333333333
6,216,1,216,0.222222222222222
6,187,4,187,0.333333333333333
3,187,1,187,0.25
4,187,5,187,0.333333333333333
2,225,1,225,1
2,284,6,284,1
2,284,3,284,1
2,284,4,284,1
2,284,5,284,1
2,284,1,284,0.5
6,284,3,284,1
6,284,4,284,1
6,284,5,284,1
6,284,1,284,0.5
3,284,4,284,1
3,284,5,284,1
3,284,1,284,0.5
4,284,5,284,1
4,284,1,284,0.5
5,284,1,284,0.5
6,101,4,101,1
2,206,1,206,1
2,111,3,111,0.25
2,111,4,111,0.333333333333333
3,111,4,111,0.25
2,106,3,106,1
2,235,6,235,0.5
2,235,3,235,0.666666666666667
6,235,3,235,0.333333333333333
2,274,6,274,0.333333333333333
2,274,3,274,0.25
2,274,7,274,0.5
2,274,4,274,0.125
2,274,5,274,0.333333333333333
6,274,3,274,0.25
6,274,7,274,0.5
6,274,4,274,0.285714285714286
6,274,5,274,1
3,274,7,274,0.333333333333333
3,274,4,274,0.428571428571428
3,274,5,274,0.25
7,274,4,274,0.142857142857143
7,274,5,274,0.5
4,274,5,274,0.285714285714286
2,275,6,275,0.142857142857143
2,275,3,275,0.142857142857143
2,275,4,275,0.285714285714286
6,275,3,275,0.333333333333333
6,275,7,275,0.2
6,275,4,275,0.285714285714286
6,275,5,275,0.166666666666667
3,275,4,275,0.5
3,275,5,275,0.166666666666667
4,275,5,275,0.333333333333333
2,50,3,50,0.5
2,50,4,50,0.5
2,50,5,50,0.111111111111111
3,50,4,50,0.333333333333333
3,50,5,50,0.2
4,50,5,50,0.0909090909090909
2,55,6,55,0.166666666666667
2,55,3,55,0.2
2,55,4,55,0.25
2,55,5,55,0.166666666666667
6,55,7,55,0.2
6,55,5,55,0.142857142857143
3,55,4,55,0.25
3,55,5,55,0.166666666666667
4,55,5,55,0.2
2,163,6,163,0.142857142857143
6,163,3,163,0.222222222222222
6,163,7,163,0.428571428571428
3,163,7,163,0.166666666666667
3,163,5,163,0.25
2,92,3,92,0.125
2,92,4,92,0.076923076923077
2,92,5,92,0.0625
6,92,3,92,0.214285714285714
6,92,7,92,0.416666666666667
6,92,4,92,0.375
6,92,5,92,0.315789473684211
3,92,7,92,0.230769230769231
3,92,4,92,0.235294117647059
3,92,5,92,0.263157894736842
7,92,4,92,0.235294117647059
7,92,5,92,0.333333333333333
4,92,5,92,0.318181818181818
6,60,3,60,0.285714285714286
6,60,4,60,0.111111111111111
3,60,4,60,0.222222222222222
6,165,3,165,0.4
6,165,7,165,0.0909090909090909
6,165,4,165,0.272727272727273
6,165,5,165,0.363636363636364
3,165,7,165,0.25
3,165,4,165,0.2
3,165,5,165,0.181818181818182
7,165,4,165,0.111111111111111
7,165,5,165,0.1
4,165,5,165,0.181818181818182
3,73,4,73,0.25
7,136,4,136,0.5
7,139,5,139,0.666666666666667
3,217,4,217,0.111111111111111
4,217,5,217,0.1
6,44,3,44,0.5
6,44,5,44,0.333333333333333
3,44,5,44,0.5
3,56,5,56,0.5
3,130,4,130,0.333333333333333
6,203,3,203,1
6,215,3,215,0.333333333333333
7,211,5,211,0.5
7,270,5,270,1
7,226,4,226,0.333333333333333
4,241,5,241,0.5
4,218,5,218,1
4,87,5,87,1
4,266,5,266,0.166666666666667
6,62,4,62,0.25
6,192,7,192,0.333333333333333
6,192,4,192,0.25
7,192,4,192,0.25
4,135,5,135,1
4,227,5,227,1
4,254,5,254,0.25
6,243,4,243,0.333333333333333
7,140,4,140,0.5
7,140,5,140,1
4,140,5,140,0.5
6,126,7,126,0.25
6,126,5,126,0.4
7,126,5,126,0.333333333333333
6,141,7,141,0.25
6,141,5,141,0.666666666666667
7,141,5,141,0.2
6,138,7,138,0.2
6,138,5,138,0.125
7,138,5,138,0.285714285714286
7,193,5,193,1
6,255,7,255,0.2
